<?xml version="1.0" encoding="utf-8"?>
<install version="1.5" type="plugin" group="content" method="upgrade">
	<name>Content - EgoltVotebar</name>
	<author>Mehdi niknami</author>
	<creationDate>April 2012</creationDate>
	<copyright>Copyright (C) 2010 - 2012 egolt. All rights reserved</copyright>
	<license>http://www.gnu.org/licenses/gpl-2.0.html GNU/GPL</license>
	<authorEmail>niknami@egolt.com</authorEmail>
	<authorUrl>www.egolt.com</authorUrl>
	<version>1.0</version>
	<description><![CDATA[ <div style='margin:20px;width:110px;height:110px;background-image:url(../plugins/content/EgoltVotebar/egolt_VB.png)'></div>
			<p style='padding:8px; border:1px solid #F03; background-color:#b7e53c; color:#000; padding:20px 5px;font-family:tahoma'>It's new style of joomla content plugin that shows voting bar with percent of vote for each content.</p>
			<p style='padding:8px; border:1px solid #F03; background-color: #b7e53c; color:#000;  padding:20px 5px;font-family:tahoma'>It has multi style and two type that can show percent of user vote in animated tooltip.it's compatible with all joomla template.</p>
			<p style='padding:8px; border:1px solid #F03; background-color: #b7e53c; color:#000;  padding:20px 5px;font-family:tahoma'>visit site: <a href='http://www.egolt.com' target='_blank'>egolt.com</a></p> ]]>
	</description>
	<files>
		<filename plugin="EgoltVotebar">EgoltVotebar.php</filename>
		<folder>EgoltVotebar</folder>
	</files>
	<languages folder="languages">
		<language tag="en-GB">en-GB.plg_content_EgoltVotebar.ini</language> 
		<language tag="fa-IR">fa-IR.plg_content_EgoltVotebar.ini</language>
	</languages> 
	<administration>
		<languages folder="languages">
			<language tag="en-GB">en-GB.plg_content_EgoltVotebar.ini</language>
			<language tag="fa-IR">fa-IR.plg_content_EgoltVotebar.ini</language>
		</languages>
	</administration>
	<params>
  <param name="type" type="list" default="0" label="Plg_egolt_SelectEgoltVotingbartype" description="plg_egolt_type_desc">
  <option value="0">Plg_egolt_degree</option>
  <option value="1">Plg_egolt_numeric</option>
  </param>	
<param name="style" type="list" default="0" label="Plg_egolt_SelectEgoltVotingbarstyle" description="plg_egolt_style_desc">
  <option value="0">Plg_egolt_silver</option>
  <option value="1">Plg_egolt_green</option>
  <option value="2">Plg_egolt_blue</option>
  <option value="3">Plg_egolt_red</option>
  <option value="4">Plg_egolt_animated</option>
  </param>	  
	</params>
</install>
