<?xml version="1.0" encoding="UTF-8" ?>
<extension type="package" version="2.5">
	<name>Egolt Archive Pro Package</name>
	<author>Egolt Foundation</author>
	<creationDate>June 2013</creationDate>
	<packagename>egoltarchive</packagename>
	<license>http://www.gnu.org/licenses/gpl-2.0.html GNU/GPL</license>
	<version>2.0.2</version>
	<url>http://www.egolt.com</url>
	<packager>Egolt Foundation</packager>
	<packagerurl>http://www.egolt.com</packagerurl>
	<description>Egolt Archive Pro Package</description>
	<files folder="packages">
	
		<file type="library" id="lib_egoltframework" >lib_egoltframework-v1.0.2-j25-PRO.zip</file>
		<file type="plugin" id="egotrigger" group="system" client="admin" >plg_egotrigger-v.1.0.0-j25.zip</file>
		
		<file type="component" id="com_egoltarchive" >com_egoltarchive_v2.0.1-j25-PRO.zip</file>
		
		<file type="module" id="mod_egoltarchive_date" client="site" >mod_egoltarchive_date-v1.0.0-j25.zip</file>
		<file type="module" id="mod_egoltarchive_search" client="site" >mod_egoltarchive_search-v1.0.0-j25.zip</file>
		
	</files>
	<updateservers>
	   <server type="extension" priority="1" name="Egolt Archive Update Center">http://www.egolt.com/egolt_update.php</server>
	</updateservers>
	<scriptfile>script.php</scriptfile>
</extension>