<?xml version="1.0" encoding="UTF-8" ?>
<extension type="package" version="3.0">
	<name>Egolt Archive</name>
	<author>Egolt</author>
	<creationDate>May 2014</creationDate>
	<packagename>egoltarchive</packagename>
	<license>http://www.gnu.org/licenses/gpl-2.0.html GNU/GPL</license>
	<version>3.3.1</version>
	<url>http://www.egolt.com</url>
	<packager>Egolt</packager>
	<packagerurl>http://www.egolt.com</packagerurl>
	<description>Egolt Archive</description>
	<files folder="packages">
	
		<file type="library" id="lib_egoltframework" >lib_egoltframework-v2.2.1.zip</file>
		
		<file type="plugin" id="egotrigger" group="system" client="admin" >plg_egotrigger-v2.1.zip</file>
		<file type="plugin" id="egoltupdate" group="system" client="admin" >plg_egoltupdate-v2.1.zip</file>
		
		<file type="component" id="com_egoltarchive" >com_egoltarchive_v3.2.1.zip</file>
		
		<file type="module" id="mod_egoltarchive_calendar" client="site" >mod_egoltarchive_calendar-v1.1.zip</file>
		<file type="module" id="mod_egoltarchive_authors" client="site" >mod_egoltarchive_authors-v1.1.zip</file>
		<file type="module" id="mod_egoltarchive_date" client="site" >mod_egoltarchive_date-v2.0.3.zip</file>
		<file type="module" id="mod_egoltarchive_search" client="site" >mod_egoltarchive_search-v2.0.3.zip</file>
		
	</files>
	<updateservers>
	   <server type="extension" priority="1" name="Egolt Archive Update Center">http://www.egolt.com/egolt_update.php?pr=egoltarchive&amp;ext=.xml</server>
	</updateservers>
	<scriptfile>script.php</scriptfile>
</extension>