<?xml version="1.0" encoding="utf-8"?>
<!DOCTYPE install PUBLIC "-//Joomla! 1.5//DTD component 1.0//EN" "http://www.joomla.org/xml/dtd/1.5/component-install.dtd"><install type="component" version="1.5.0" method="upgrade">
	<name>Egolt Archiver</name>
	<creationDate>April 2012</creationDate>
	<author>Soheil Novinfard</author>
	<authorEmail>info@egolt.com</authorEmail>
	<authorUrl>http://www.egolt.com</authorUrl>
	<copyright>Copyright (c) Egolt. All rights reserved</copyright>
	<license>GNU GPL v2.0 http://www.gnu.org/licenses/gpl-2.0.html</license>
	<version>1.0</version>
	<description>Egolt Search and Archiver</description>
	<installfile>install.egoltarchiver.php</installfile>
	<files folder="site">
		<filename>index.html</filename>
		<filename>egoltarchiver.php</filename>
		<filename>controller.php</filename>
		<folder>assets</folder>
		<folder>helpers</folder>
		<folder>models</folder>
		<folder>views</folder>
	</files>
	<languages>
		<language tag="en-GB">site/languages/en-GB.com_egoltarchiver.ini</language>
		<language tag="fa-IR">site/languages/fa-IR.com_egoltarchiver.ini</language>
	</languages>
	<administration>
		<menu img="components/com_egoltarchiver/assets/images/egoltarchiver_ico.png">COM_EGOLTARCHIVER</menu>
		<submenu>
			<menu img="components/com_egoltarchiver/assets/images/panel_ico.png" link="option=com_egoltarchiver">CONTROL_PANEL</menu>
			<menu img="components/com_egoltarchiver/assets/images/setting_ico.png" link="option=com_egoltarchiver&amp;task=setting">SETTING</menu>
			<menu img="components/com_egoltarchiver/assets/images/about_ico.png" link="option=com_egoltarchiver&amp;task=about">ABOUT_PRODUCT</menu>
		</submenu>
		<files folder="admin">
			<filename>index.html</filename>
			<filename>egoltarchiver.php</filename>
			<filename>config.xml</filename>
			<filename>controller.php</filename>
			<folder>assets</folder>
			<folder>helpers</folder>
			<folder>views</folder>
		</files>
		<files>
			<filename>com_egoltarchiver.xml</filename>		
		</files>
		<languages>
			<language tag="en-GB">admin/languages/en-GB.com_egoltarchiver.ini</language>
			<language tag="en-GB">admin/languages/en-GB.com_egoltarchiver.menu.ini</language>
			<language tag="fa-IR">admin/languages/fa-IR.com_egoltarchiver.ini</language>
			<language tag="fa-IR">admin/languages/fa-IR.com_egoltarchiver.menu.ini</language>
		</languages>
	</administration>
</install>
