<?xml version="1.0" encoding="utf-8"?>
<extension version="2.5" type="plugin" group="content" method="upgrade">
	<name>PLG_CONTENT_EGOLTLIKE</name>
	<creationDate>March 2013</creationDate>
	<author>Egolt Foundation</author>
	<authorEmail>info@egolt.com</authorEmail>
	<authorUrl>http://www.egolt.com</authorUrl>
	<copyright>Copyright (c) Egolt Foundation. All rights reserved</copyright>
	<license>GNU GPL v2.0 http://www.gnu.org/licenses/gpl-2.0.html</license>
	<version>1.0.0</version>
	<description>PLG_CONTENT_EGOLTLIKE_XML_DESCRIPTION</description>
	<install>
		<sql>
			<file driver="mysql" charset="utf8">assets/install.sql</file>
		</sql>
	</install>
	<uninstall>
		<sql>
			<file driver="mysql" charset="utf8">assets/uninstall.sql</file>
		</sql>
	</uninstall>
	<files>
		<filename plugin="egoltlike">egoltlike.php</filename>
		<filename>egoltlike_ajax.php</filename>
		<filename>index.html</filename>
		<folder>assets</folder>
	</files>
	<languages folder="language">
		<language tag="en-GB">en-GB/en-GB.plg_content_egoltlike.ini</language>
		<language tag="en-GB">en-GB/en-GB.plg_content_egoltlike.sys.ini</language>
		<language tag="fa-IR">fa-IR/fa-IR.plg_content_egoltlike.ini</language>
		<language tag="fa-IR">fa-IR/fa-IR.plg_content_egoltlike.sys.ini</language>
	</languages>
	<config>
		<fields name="params">

			<fieldset name="basic">
				<field 
					name="pos_show"
					type="list"
					default="beforec"
					label="PLG_CONTENT_EGOLTLIKE_PLG_POSITION"
					description="PLG_CONTENT_EGOLTLIKE_PLG_POSITION_DESC"
				>
					<option value="beforec">PLG_CONTENT_EGOLTLIKE_BEFORE_CONTENT</option>
					<option value="afterc">PLG_CONTENT_EGOLTLIKE_AFTER_CONTENT</option>
				</field>
				<field 
					name="sval_show" 
					type="radio"
					default="1"
					label="PLG_CONTENT_EGOLTLIKE_LIKEDIS_NO"
					description="PLG_CONTENT_EGOLTLIKE_LIKEDIS_NO_DESC"
				>
					<option value="1">PLG_CONTENT_EGOLTLIKE_SHOW</option>
					<option value="0">PLG_CONTENT_EGOLTLIKE_HIDE</option>
				</field>
				<field 
					name="zval_show" 
					type="radio"
					default="0"
					label="PLG_CONTENT_EGOLTLIKE_ZERO_VAL"
					description="PLG_CONTENT_EGOLTLIKE_ZERO_VAL_DESC"
				>
					<option value="1">PLG_CONTENT_EGOLTLIKE_SHOW</option>
					<option value="0">PLG_CONTENT_EGOLTLIKE_HIDE</option>
				</field>
			</fieldset>
		</fields>
	</config>
</extension>
