<?xml version="1.0" encoding="UTF-8" ?>
<extension type="package" version="3.0">
	<name>Egolt Like Package</name>
	<author>Egolt Foundation</author>
	<creationDate>March 2013</creationDate>
	<packagename>egoltlike</packagename>
	<license>http://www.gnu.org/licenses/gpl-2.0.html GNU/GPL</license>
	<version>1.1.1</version>
	<url>http://www.egolt.com</url>
	<packager>Egolt Foundation</packager>
	<packagerurl>http://www.egolt.com</packagerurl>
	<description>Egolt Like - Content Ajax Like Plugin</description>
	<files folder="packages">
		<file type="plugin" id="egoltlike" group="content" client="site" >plg_egoltlike-v.1.0.0-j3.zip</file>
		<file type="module" id="mod_egoltlike" client="site" >mod_egoltlike-v1.0.1-j3.zip</file>
	</files>
	<updateservers>
	   <server type="extension" priority="1" name="Egolt Like Update Center">http://www.egolt.com/egolt_update.php</server>
	</updateservers>
</extension>
