<?xml version="1.0" encoding="utf-8"?>
<extension version="2.5" type="file" method="upgrade">
	<name>English language pack for Egolt Votingbar - plugin</name>
	<creationDate>April 2012</creationDate>
	<author>Mehdi Niknami</author>
	<authorEmail>niknami@egolt.com</authorEmail>
	<authorUrl>http://www.egolt.com</authorUrl>
	<copyright>Copyright (c) Egolt. All rights reserved</copyright>
	<license>GNU GPL v2.0 http://www.gnu.org/licenses/gpl-2.0.html</license>
	<version>1.0</version>
	<description>English (en-GB) language pack for Egolt Votebar - plugin (plg_egoltvotebar)</description>
	<fileset>
		<files folder="admin" target="administrator/language/en-GB">
			<filename>en-GB.plg_content_egoltvotingbar.ini</filename>
			<filename>en-GB.plg_content_egoltvotingbar.sys.ini</filename>
		</files>
	</fileset>
</extension>
