<?xml version="1.0" encoding="utf-8"?>
<extension	type="plugin" group="system" version="2.5" method="upgrade">
	<name>System - Egolt Tooltip</name>
	<author>Soheil Novinfard,Mehdi Niknami</author>
	<creationDate>June 2011</creationDate>
	<copyright>Copyright (c) egolt Web [International Web Solutions]. All rights reserved</copyright>
	<license>GNU GPL v2.0 or later http://www.gnu.org/licenses/gpl-2.0.html</license>
	<authorEmail>info@egolt.com</authorEmail>
	<authorUrl>http://www.egolt.com</authorUrl>
	<version>1.1.0</version>	
	<description>PLG_EGOLT_DESC</description>
	<files>
		<filename plugin="egolttooltip">egolttooltip.php</filename>
		<filename>index.html</filename>
		<folder>fields</folder>
		<folder>egolttooltip</folder>
	</files>
	<media destination="colorpicker/js" folder="">
	  <filename>color-picker.js</filename>
	</media>	
	<languages>
		<language tag="en-GB">languages/en-GB.plg_system_egolttooltip.ini</language>
		<language tag="fa-IR">languages/fa-IR.plg_system_egolttooltip.ini</language>
   	</languages>
	
	<config>
		<fields name="params" addfieldpath="/plugins/system/egolttooltip/fields">
			<fieldset name="BASIC">
			<field name="embed" type="radio" default="1" label="EMBED_JQUERY" description="EMBED_JQUERY_DESC">
		  <option value="0">EGOLT_NO</option>
		  <option value="1">EGOLT_YES</option>
			</field>
			<field name="noconflict" type="radio" default="0" label="NO_CONFLICT" description="NO_CONFLICT_DESC">
		  <option value="0">EGOLT_NO</option>
		  <option value="1">EGOLT_YES</option>
		</field>	  
			</fieldset>
			<fieldset name="STYLE">
			<field name="brcolor" type="colorpicker" cellwidth="6" cellheight="12"  default="#F90" label="SELECT_BR_COLOR" description="SELECT_BR_COLOR_DESC" />
			<field name="bgcolor" type="colorpicker" cellwidth="6" cellheight="12" default="#FFFEEC" label="SELECT_BG_COLOR" description="SELECT_BG_COLOR_DESC"  />
			<field name="txtcolor" type="colorpicker" cellwidth="6" cellheight="12" default="#666666" label="SELECT_TXT_COLOR" description="SELECT_TXT_COLOR_DESC"  />			
			<field name="fontsize" type="text"  default="12px" label="SELECT_FONT_SIZE" description="SELECT_FONT_SIZE_DESC" size="4" />			
			<field name="fontfamily" type="text"  default="tahoma" label="SELECT_FONT_FAMILY" description="SELECT_FONT_FAMILY_DESC" size="20" />
			<field name="brradius" type="text"  default="5px" label="SELECT_BORDER_RADIUS" description="SELECT_BORDER_RADIUS_DESC" size="4" />
			</fieldset>
			<fieldset name="MENU">
			<field name="page" type="radio" default="0" label="SELECT_PAGE" description="SELECT_PAGE_DESC">
		  <option value="0">ALL</option>
		  <option value="1">SELECTED PAGES</option>
		  <option value="2">UNSELECTED PAGES</option>
			</field>
			<field name="mymenuitem" type="menuitem" default="45" label="SELECT_MENU_ITEM" description="SELECT_MENU_ITEM_DES" multiple="multiple" size="20" />
			</fieldset>
		</fields>
	</config>
</extension>
