<?xml version="1.0" encoding="utf-8"?>
<extension version="1.6" type="file" method="upgrade">
	<name>Persian language pack for Egolt Project Publisher - Component</name>
	<creationDate>March 2012</creationDate>
	<author>Soheil Novinfard</author>
	<authorEmail>info@egolt.com</authorEmail>
	<authorUrl>http://www.egolt.com</authorUrl>
	<copyright>Copyright (c) Egolt. All rights reserved</copyright>
	<license>GNU GPL v2.0 http://www.gnu.org/licenses/gpl-2.0.html</license>
	<version>1.0</version>
	<description>Persian (fa-IR) language pack for Egolt Project Publisher - Component (com_egoltproject)</description>
	<fileset>
		<files folder="admin" target="administrator/language/fa-IR">
			<filename>fa-IR.com_egoltproject.ini</filename>
			<filename>fa-IR.com_egoltproject.sys.ini</filename>
		</files>
		<files folder="site" target="language/fa-IR">
			<filename>fa-IR.com_egoltproject.ini</filename>
		</files>
	</fileset>
</extension>
