<?xml version="1.0" encoding="utf-8"?>
<!DOCTYPE install PUBLIC "-//Joomla! 1.5//DTD plugin 1.0//EN" "http://www.joomla.org/xml/dtd/1.5/plugin-install.dtd">
<install version="1.5" type="plugin" group="system" method="upgrade">
	<name>System - Egolt Tooltip</name>
	<author>Soheil Novinfard and Mehdi Niknami</author>
	<creationDate>June 2011</creationDate>
	<copyright>Copyright (c) egolt Web [International Web Solutions]. All rights reserved</copyright>
	<license>GNU GPL v2.0 or later http://www.gnu.org/licenses/gpl-2.0.html</license>
	<authorEmail>info@egolt.com</authorEmail>
	<authorUrl>http://www.egolt.com</authorUrl>
	<version>1.1.0</version>	
	<description>PLG_EGOLT_DESC</description>
	<files>
		<filename plugin="egolttooltip">egolttooltip.php</filename>
		<filename>index.html</filename>
		<folder>egolttooltip</folder>
	</files>
	<media destination="colorpicker/js" folder="">
	  <filename>color-picker.js</filename>
	</media>	
	<languages>
		<language tag="en-GB">languages/en-GB.plg_system_egolttooltip.ini</language>
		<language tag="fa-IR">languages/fa-IR.plg_system_egolttooltip.ini</language>
   	</languages>
		<params addpath="/plugins/system/egolttooltip/elements">
		<param type="spacer"  />
		<param type="spacer" default="BASIC" />
		<param type="spacer"  />
		<param name="embed" type="radio" default="1" label="EMBED_JQUERY" description="EMBED_JQUERY_DESC">
		  <option value="0">EGOLT_NO</option>
		  <option value="1">EGOLT_YES</option>
		</param>
		<param name="noconflict" type="radio" default="0" label="NO_CONFLICT" description="NO_CONFLICT_DESC">
		  <option value="0">EGOLT_NO</option>
		  <option value="1">EGOLT_YES</option>
		</param>
		<param type="spacer"  />
		<param type="spacer" default="STYLE" />
		<param type="spacer"  />
		<param name="brcolor" type="colorpicker" cellwidth="6" cellheight="12"  default="#F90" label="SELECT_BR_COLOR" description="SELECT_BR_COLOR_DESC" />
		<param name="bgcolor" type="colorpicker" cellwidth="6" cellheight="12" default="#FFFEEC" label="SELECT_BG_COLOR" description="SELECT_BG_COLOR_DESC"  />
		<param name="txtcolor" type="colorpicker" cellwidth="6" cellheight="12" default="#666666" label="SELECT_TXT_COLOR" description="SELECT_TXT_COLOR_DESC"  />			
		<param name="fontsize" type="text"  default="12px" label="SELECT_FONT_SIZE" description="SELECT_FONT_SIZE_DESC" size="4" />			
		<param name="fontfamily" type="text"  default="tahoma" label="SELECT_FONT_FAMILY" description="SELECT_FONT_FAMILY_DESC" size="20" />
		<param name="brradius" type="text"  default="5px" label="SELECT_BORDER_RADIUS" description="SELECT_BORDER_RADIUS_DESC" size="4" />
		<param type="spacer"  />
		<param type="spacer" default="pages" />
		<param type="spacer"  />
		<param name="page" type="radio" default="0" label="SELECT_PAGE" description="SELECT_PAGE_DESC">
		  <option value="0">ALL</option>
		  <option value="1">SELECTED PAGES</option>
		  <option value="2">UNSELECTED PAGES</option>
		</param>
		<param name="mymenuitem" type="menulist" default="45" label="SELECT_MENU_ITEM" description="SELECT_MENU_ITEM_DES" multiple="multiple" size="20" >
		
		</param>
	</params>
</install>
