<?xml version="1.0" encoding="utf-8"?>
<extension	type="plugin" group="content" version="2.5"	client="site" method="upgrade">
	<name>Content - egoltvotingbar</name>
	<author>Egolt Foundation</author>
	<creationDate>April 2012</creationDate>
	<copyright>Copyright (C) 2010 - 2012 egolt. All rights reserved</copyright>
	<license>http://www.gnu.org/licenses/gpl-2.0.html GNU/GPL</license>
	<authorEmail>niknami@egolt.com</authorEmail>
	<authorUrl>www.egolt.com</authorUrl>
	<version>1.0.1</version>	
	<description>Egolt Voting</description>
	<files>
		<filename plugin="egoltvotingbar">egoltvotingbar.php</filename>
		<folder>egoltvotingbar</folder>
	</files>
	<languages folder="languages"> 
		<language tag="en-GB">en-GB.plg_content_egoltvotingbar.sys.ini</language>
		<language tag="fa-IR">fa-IR.plg_content_egoltvotingbar.sys.ini</language>
		<language tag="en-GB">en-GB.plg_content_egoltvotingbar.ini</language>
		<language tag="fa-IR">fa-IR.plg_content_egoltvotingbar.ini</language>
	</languages>	
	<config>
		<fields name="params">
			<fieldset name="basic">
		<field name="type" type="list" default="0" label="Plg_egolt_SelectEgoltVotingbartype" description="plg_egolt_type_desc">
			<option value="0">Plg_egolt_degree</option>
			<option value="1">Plg_egolt_numeric</option>
		</field>	
		<field name="style" type="list" default="0" label="Plg_egolt_SelectEgoltVotingbarstyle" description="plg_egolt_style_desc">
			<option value="0">Plg_egolt_silver</option>
			<option value="1">Plg_egolt_green</option>
			<option value="2">Plg_egolt_blue</option>
			<option value="3">Plg_egolt_red</option>
			<option value="4">Plg_egolt_animated</option>
		</field>	  
			</fieldset>
		</fields>
	</config>
</extension>
