<?xml version="1.0" encoding="utf-8"?>
<extension version="2.5" type="file" method="upgrade">
	<name>Persian language pack for Egolt Votingbar - plugin</name>
	<creationDate>April 2012</creationDate>
	<author>Mehdi Niknami</author>
	<authorEmail>niknami@egolt.com</authorEmail>
	<authorUrl>http://www.egolt.com</authorUrl>
	<copyright>Copyright (c) Egolt. All rights reserved</copyright>
	<license>GNU GPL v2.0 http://www.gnu.org/licenses/gpl-2.0.html</license>
	<version>1.0</version>
	<description>Persian (fa-IR) language pack for Egolt Votingbar - plugin (plg_egoltvotingbar)</description>
	<fileset>
		<files folder="admin" target="administrator/language/fa-IR">
			<filename>fa-IR.plg_content_egoltVotingbar.ini</filename>
			<filename>fa-IR.plg_content_egoltVotingbar.sys.ini</filename>
		</files>
	</fileset>
</extension>
